Workbook

Sheet Dashboard
A1: Budget vs Actual Dashboard
A3: Total Budget | B3: Total Actual | C3: Total Variance | D3: Variance %
A4: ='Monthly Summary'!B14 -> 799954 | B4: ='Monthly Summary'!C14 -> 822426 | C4: ='Monthly Summary'!D14 -> 22472 | D4: ='Monthly Summary'!E14 -> 0.028091615
A6: Highest Spending Dept | B6: Largest Over Budget Category | C6: Overall Status
A7: =INDEX('Category Summary'!A2:A13,MATCH(MAX('Category Summary'!D2:D13),'Category Summary'!D2:D13,0)) -> Technology | B7: =INDEX('Category Summary'!B2:B13,MATCH(MAX('Category Summary'!F2:F13),'Category Summary'!F2:F13,0)) -> Campaigns | C7: ='Monthly Summary'!F14 -> On Track

Sheet Budget vs Actual Data
A1: Month | B1: Department | C1: Category | D1: Budgeted Amount | E1: Actual Amount | F1: Variance | G1: Variance % | H1: Status | I1: Notes
A2: 46023 | B2: Technology | C2: Software | D2: 10639 | E2: 9841 | F2: =E2-D2 -> -798 | G2: =IF(D2=0,0,F2/D2) -> -0.07500705 | H2: =IF(G2>0.05,"Over Budget",IF(G2<-0.05,"Under Budget","On Track")) -> Under Budget | I2: =IF(H2="Over Budget","Review spending driver",IF(H2="Under Budget","Monitor savings opportunity","Within expected range")) -> Monitor savings opportunity
A3: 46023 | B3: Technology | C3: Cloud Services | D3: 9025 | E3: 8706 | F3: =E3-D3 -> -319 | G3: =IF(D3=0,0,F3/D3) -> -0.03534626 | H3: =IF(G3>0.05,"Over Budget",IF(G3<-0.05,"Under Budget","On Track")) -> On Track | I3: =IF(H3="Over Budget","Review spending driver",IF(H3="Under Budget","Monitor savings opportunity","Within expected range")) -> Within expected range
A4: 46023 | B4: Operations | C4: Supplies | D4: 5106 | E4: 5389 | F4: =E4-D4 -> 283 | G4: =IF(D4=0,0,F4/D4) -> 0.05542499 | H4: =IF(G4>0.05,"Over Budget",IF(G4<-0.05,"Under Budget","On Track")) -> Over Budget | I4: =IF(H4="Over Budget","Review spending driver",IF(H4="Under Budget","Monitor savings opportunity","Within expected range")) -> Review spending driver
A5: 46023 | B5: Operations | C5: Vendor Services | D5: 7360 | E5: 6899 | F5: =E5-D5 -> -461 | G5: =IF(D5=0,0,F5/D5) -> -0.06263587 | H5: =IF(G5>0.05,"Over Budget",IF(G5<-0.05,"Under Budget","On Track")) -> Under Budget | I5: =IF(H5="Over Budget","Review spending driver",IF(H5="Under Budget","Monitor savings opportunity","Within expected range")) -> Monitor savings opportunity
A6: 46023 | B6: Marketing | C6: Campaigns | D6: 6497 | E6: 6016 | F6: =E6-D6 -> -481 | G6: =IF(D6=0,0,F6/D6) -> -0.07403417 | H6: =IF(G6>0.05,"Over Budget",IF(G6<-0.05,"Under Budget","On Track")) -> Under Budget | I6: =IF(H6="Over Budget","Review spending driver",IF(H6="Under Budget","Monitor savings opportunity","Within expected range")) -> Monitor savings opportunity
A7: 46023 | B7: Marketing | C7: Events | D7: 4671 | E7: 4769 | F7: =E7-D7 -> 98 | G7: =IF(D7=0,0,F7/D7) -> 0.020980518 | H7: =IF(G7>0.05,"Over Budget",IF(G7<-0.05,"Under Budget","On Track")) -> On Track | I7: =IF(H7="Over Budget","Review spending driver",IF(H7="Under Budget","Monitor savings opportunity","Within expected range")) -> Within expected range
A8: 46023 | B8: Training | C8: Workshops | D8: 4183 | E8: 3764 | F8: =E8-D8 -> -419 | G8: =IF(D8=0,0,F8/D8) -> -0.10016734 | H8: =IF(G8>0.05,"Over Budget",IF(G8<-0.05,"Under Budget","On Track")) -> Under Budget | I8: =IF(H8="Over Budget","Review spending driver",IF(H8="Under Budget","Monitor savings opportunity","Within expected range")) -> Monitor savings opportunity
A9: 46023 | B9: Training | C9: Course Materials | D9: 3028 | E9: 2934 | F9: =E9-D9 -> -94 | G9: =IF(D9=0,0,F9/D9) -> -0.031043593 | H9: =IF(G9>0.05,"Over Budget",IF(G9<-0.05,"Under Budget","On Track")) -> On Track | I9: =IF(H9="Over Budget","Review spending driver",IF(H9="Under Budget","Monitor savings opportunity","Within expected range")) -> Within expected range
A10: 46023 | B10: Customer Support | C10: Support Tools | D10: 4720 | E10: 4899 | F10: =E10-D10 -> 179 | G10: =IF(D10=0,0,F10/D10) -> 0.037923729 | H10: =IF(G10>0.05,"Over Budget",IF(G10<-0.05,"Under Budget","On Track")) -> On Track | I10: =IF(H10="Over Budget","Review spending driver",IF(H10="Under Budget","Monitor savings opportunity","Within expected range")) -> Within expected range
A11: 46023 | B11: Customer Support | C11: Quality Review | D11: 4513 | E11: 4158 | F11: =E11-D11 -> -355 | G11: =IF(D11=0,0,F11/D11) -> -0.078661644 | H11: =IF(G11>0.05,"Over Budget",IF(G11<-0.05,"Under Budget","On Track")) -> Under Budget | I11: =IF(H11="Over Budget","Review spending driver",IF(H11="Under Budget","Monitor savings opportunity","Within expected range")) -> Monitor savings opportunity
A12: 46023 | B12: Facilities | C12: Room Setup | D12: 3226 | E12: 3418 | F12: =E12-D12 -> 192 | G12: =IF(D12=0,0,F12/D12) -> 0.059516429 | H12: =IF(G12>0.05,"Over Budget",IF(G12<-0.05,"Under Budget","On Track")) -> Over Budget | I12: =IF(H12="Over Budget","Review spending driver",IF(H12="Under Budget","Monitor savings opportunity","Within expected range")) -> Review spending driver
A13: 46023 | B13: Facilities | C13: Maintenance | D13: 3495 | E13: 3324 | F13: =E13-D13 -> -171 | G13: =IF(D13=0,0,F13/D13) -> -0.048927039 | H13: =IF(G13>0.05,"Over Budget",IF(G13<-0.05,"Under Budget","On Track")) -> On Track | I13: =IF(H13="Over Budget","Review spending driver",IF(H13="Under Budget","Monitor savings opportunity","Within expected range")) -> Within expected range
... A145: 46357 | B145: Facilities | C145: Maintenance | D145: 3860 | E145: 3622 | F145: =E145-D145 -> -238 | G145: =IF(D145=0,0,F145/D145) -> -0.061658031 | H145: =IF(G145>0.05,"Over Budget",IF(G145<-0.05,"Under Budget","On Track")) -> Under Budget | I145: =IF(H145="Over Budget","Review spending driver",IF(H145="Under Budget","Monitor savings opportunity","Within expected range")) -> Monitor savings opportunity

Sheet Monthly Summary
A1: Month | B1: Total Budget | C1: Total Actual | D1: Variance | E1: Variance % | F1: Status
A2: 46023 | B2: =SUMIFS('Budget vs Actual Data'!$D:$D,'Budget vs Actual Data'!$A:$A,A2) -> 66463 | C2: =SUMIFS('Budget vs Actual Data'!$E:$E,'Budget vs Actual Data'!$A:$A,A2) -> 64117 | D2: =C2-B2 -> -2346 | E2: =IF(B2=0,0,D2/B2) -> -0.035297835 | F2: =IF(E2>0.05,"Over Budget",IF(E2<-0.05,"Under Budget","On Track")) -> On Track
A3: 46054 | B3: =SUMIFS('Budget vs Actual Data'!$D:$D,'Budget vs Actual Data'!$A:$A,A3) -> 67320 | C3: =SUMIFS('Budget vs Actual Data'!$E:$E,'Budget vs Actual Data'!$A:$A,A3) -> 67460 | D3: =C3-B3 -> 140 | E3: =IF(B3=0,0,D3/B3) -> 0.0020796197 | F3: =IF(E3>0.05,"Over Budget",IF(E3<-0.05,"Under Budget","On Track")) -> On Track
A4: 46082 | B4: =SUMIFS('Budget vs Actual Data'!$D:$D,'Budget vs Actual Data'!$A:$A,A4) -> 66031 | C4: =SUMIFS('Budget vs Actual Data'!$E:$E,'Budget vs Actual Data'!$A:$A,A4) -> 69183 | D4: =C4-B4 -> 3152 | E4: =IF(B4=0,0,D4/B4) -> 0.047735155 | F4: =IF(E4>0.05,"Over Budget",IF(E4<-0.05,"Under Budget","On Track")) -> On Track
A5: 46113 | B5: =SUMIFS('Budget vs Actual Data'!$D:$D,'Budget vs Actual Data'!$A:$A,A5) -> 67153 | C5: =SUMIFS('Budget vs Actual Data'!$E:$E,'Budget vs Actual Data'!$A:$A,A5) -> 68567 | D5: =C5-B5 -> 1414 | E5: =IF(B5=0,0,D5/B5) -> 0.021056394 | F5: =IF(E5>0.05,"Over Budget",IF(E5<-0.05,"Under Budget","On Track")) -> On Track
A6: 46143 | B6: =SUMIFS('Budget vs Actual Data'!$D:$D,'Budget vs Actual Data'!$A:$A,A6) -> 67992 | C6: =SUMIFS('Budget vs Actual Data'!$E:$E,'Budget vs Actual Data'!$A:$A,A6) -> 70640 | D6: =C6-B6 -> 2648 | E6: =IF(B6=0,0,D6/B6) -> 0.038945758 | F6: =IF(E6>0.05,"Over Budget",IF(E6<-0.05,"Under Budget","On Track")) -> On Track
A7: 46174 | B7: =SUMIFS('Budget vs Actual Data'!$D:$D,'Budget vs Actual Data'!$A:$A,A7) -> 66461 | C7: =SUMIFS('Budget vs Actual Data'!$E:$E,'Budget vs Actual Data'!$A:$A,A7) -> 70177 | D7: =C7-B7 -> 3716 | E7: =IF(B7=0,0,D7/B7) -> 0.05591249 | F7: =IF(E7>0.05,"Over Budget",IF(E7<-0.05,"Under Budget","On Track")) -> Over Budget
A8: 46204 | B8: =SUMIFS('Budget vs Actual Data'!$D:$D,'Budget vs Actual Data'!$A:$A,A8) -> 65415 | C8: =SUMIFS('Budget vs Actual Data'!$E:$E,'Budget vs Actual Data'!$A:$A,A8) -> 67709 | D8: =C8-B8 -> 2294 | E8: =IF(B8=0,0,D8/B8) -> 0.035068409 | F8: =IF(E8>0.05,"Over Budget",IF(E8<-0.05,"Under Budget","On Track")) -> On Track
A9: 46235 | B9: =SUMIFS('Budget vs Actual Data'!$D:$D,'Budget vs Actual Data'!$A:$A,A9) -> 66989 | C9: =SUMIFS('Budget vs Actual Data'!$E:$E,'Budget vs Actual Data'!$A:$A,A9) -> 68405 | D9: =C9-B9 -> 1416 | E9: =IF(B9=0,0,D9/B9) -> 0.021137799 | F9: =IF(E9>0.05,"Over Budget",IF(E9<-0.05,"Under Budget","On Track")) -> On Track
A10: 46266 | B10: =SUMIFS('Budget vs Actual Data'!$D:$D,'Budget vs Actual Data'!$A:$A,A10) -> 67491 | C10: =SUMIFS('Budget vs Actual Data'!$E:$E,'Budget vs Actual Data'!$A:$A,A10) -> 71202 | D10: =C10-B10 -> 3711 | E10: =IF(B10=0,0,D10/B10) -> 0.054985109 | F10: =IF(E10>0.05,"Over Budget",IF(E10<-0.05,"Under Budget","On Track")) -> Over Budget
A11: 46296 | B11: =SUMIFS('Budget vs Actual Data'!$D:$D,'Budget vs Actual Data'!$A:$A,A11) -> 65517 | C11: =SUMIFS('Budget vs Actual Data'!$E:$E,'Budget vs Actual Data'!$A:$A,A11) -> 67403 | D11: =C11-B11 -> 1886 | E11: =IF(B11=0,0,D11/B11) -> 0.028786422 | F11: =IF(E11>0.05,"Over Budget",IF(E11<-0.05,"Under Budget","On Track")) -> On Track
A12: 46327 | B12: =SUMIFS('Budget vs Actual Data'!$D:$D,'Budget vs Actual Data'!$A:$A,A12) -> 65195 | C12: =SUMIFS('Budget vs Actual Data'!$E:$E,'Budget vs Actual Data'!$A:$A,A12) -> 67907 | D12: =C12-B12 -> 2712 | E12: =IF(B12=0,0,D12/B12) -> 0.041598282 | F12: =IF(E12>0.05,"Over Budget",IF(E12<-0.05,"Under Budget","On Track")) -> On Track
A13: 46357 | B13: =SUMIFS('Budget vs Actual Data'!$D:$D,'Budget vs Actual Data'!$A:$A,A13) -> 67927 | C13: =SUMIFS('Budget vs Actual Data'!$E:$E,'Budget vs Actual Data'!$A:$A,A13) -> 69656 | D13: =C13-B13 -> 1729 | E13: =IF(B13=0,0,D13/B13) -> 0.025453796 | F13: =IF(E13>0.05,"Over Budget",IF(E13<-0.05,"Under Budget","On Track")) -> On Track
A14: Total | B14: =SUM(B2:B13) -> 799954 | C14: =SUM(C2:C13) -> 822426 | D14: =C14-B14 -> 22472 | E14: =IF(B14=0,0,D14/B14) -> 0.028091615 | F14: =IF(E14>0.05,"Over Budget",IF(E14<-0.05,"Under Budget","On Track")) -> On Track

Sheet Category Summary
A1: Department | B1: Category | C1: Total Budget | D1: Total Actual | E1: Variance | F1: Variance % | G1: Status
A2: Technology | B2: Software | C2: =SUMIFS('Budget vs Actual Data'!$D:$D,'Budget vs Actual Data'!$B:$B,A2,'Budget vs Actual Data'!$C:$C,B2) -> 127435 | D2: =SUMIFS('Budget vs Actual Data'!$E:$E,'Budget vs Actual Data'!$B:$B,A2,'Budget vs Actual Data'!$C:$C,B2) -> 131181 | E2: =D2-C2 -> 3746 | F2: =IF(C2=0,0,E2/C2) -> 0.029395378 | G2: =IF(F2>0.05,"Over Budget",IF(F2<-0.05,"Under Budget","On Track")) -> On Track
A3: Technology | B3: Cloud Services | C3: =SUMIFS('Budget vs Actual Data'!$D:$D,'Budget vs Actual Data'!$B:$B,A3,'Budget vs Actual Data'!$C:$C,B3) -> 114063 | D3: =SUMIFS('Budget vs Actual Data'!$E:$E,'Budget vs Actual Data'!$B:$B,A3,'Budget vs Actual Data'!$C:$C,B3) -> 120218 | E3: =D3-C3 -> 6155 | F3: =IF(C3=0,0,E3/C3) -> 0.053961407 | G3: =IF(F3>0.05,"Over Budget",IF(F3<-0.05,"Under Budget","On Track")) -> Over Budget
A4: Operations | B4: Supplies | C4: =SUMIFS('Budget vs Actual Data'!$D:$D,'Budget vs Actual Data'!$B:$B,A4,'Budget vs Actual Data'!$C:$C,B4) -> 58334 | D4: =SUMIFS('Budget vs Actual Data'!$E:$E,'Budget vs Actual Data'!$B:$B,A4,'Budget vs Actual Data'!$C:$C,B4) -> 59640 | E4: =D4-C4 -> 1306 | F4: =IF(C4=0,0,E4/C4) -> 0.022388316 | G4: =IF(F4>0.05,"Over Budget",IF(F4<-0.05,"Under Budget","On Track")) -> On Track
A5: Operations | B5: Vendor Services | C5: =SUMIFS('Budget vs Actual Data'!$D:$D,'Budget vs Actual Data'!$B:$B,A5,'Budget vs Actual Data'!$C:$C,B5) -> 84239 | D5: =SUMIFS('Budget vs Actual Data'!$E:$E,'Budget vs Actual Data'!$B:$B,A5,'Budget vs Actual Data'!$C:$C,B5) -> 86251 | E5: =D5-C5 -> 2012 | F5: =IF(C5=0,0,E5/C5) -> 0.023884424 | G5: =IF(F5>0.05,"Over Budget",IF(F5<-0.05,"Under Budget","On Track")) -> On Track
A6: Marketing | B6: Campaigns | C6: =SUMIFS('Budget vs Actual Data'!$D:$D,'Budget vs Actual Data'!$B:$B,A6,'Budget vs Actual Data'!$C:$C,B6) -> 78847 | D6: =SUMIFS('Budget vs Actual Data'!$E:$E,'Budget vs Actual Data'!$B:$B,A6,'Budget vs Actual Data'!$C:$C,B6) -> 83400 | E6: =D6-C6 -> 4553 | F6: =IF(C6=0,0,E6/C6) -> 0.057744746 | G6: =IF(F6>0.05,"Over Budget",IF(F6<-0.05,"Under Budget","On Track")) -> Over Budget
A7: Marketing | B7: Events | C7: =SUMIFS('Budget vs Actual Data'!$D:$D,'Budget vs Actual Data'!$B:$B,A7,'Budget vs Actual Data'!$C:$C,B7) -> 57529 | D7: =SUMIFS('Budget vs Actual Data'!$E:$E,'Budget vs Actual Data'!$B:$B,A7,'Budget vs Actual Data'!$C:$C,B7) -> 59076 | E7: =D7-C7 -> 1547 | F7: =IF(C7=0,0,E7/C7) -> 0.026890786 | G7: =IF(F7>0.05,"Over Budget",IF(F7<-0.05,"Under Budget","On Track")) -> On Track
A8: Training | B8: Workshops | C8: =SUMIFS('Budget vs Actual Data'!$D:$D,'Budget vs Actual Data'!$B:$B,A8,'Budget vs Actual Data'!$C:$C,B8) -> 54946 | D8: =SUMIFS('Budget vs Actual Data'!$E:$E,'Budget vs Actual Data'!$B:$B,A8,'Budget vs Actual Data'!$C:$C,B8) -> 56240 | E8: =D8-C8 -> 1294 | F8: =IF(C8=0,0,E8/C8) -> 0.023550395 | G8: =IF(F8>0.05,"Over Budget",IF(F8<-0.05,"Under Budget","On Track")) -> On Track
A9: Training | B9: Course Materials | C9: =SUMIFS('Budget vs Actual Data'!$D:$D,'Budget vs Actual Data'!$B:$B,A9,'Budget vs Actual Data'!$C:$C,B9) -> 35864 | D9: =SUMIFS('Budget vs Actual Data'!$E:$E,'Budget vs Actual Data'!$B:$B,A9,'Budget vs Actual Data'!$C:$C,B9) -> 35624 | E9: =D9-C9 -> -240 | F9: =IF(C9=0,0,E9/C9) -> -0.0066919474 | G9: =IF(F9>0.05,"Over Budget",IF(F9<-0.05,"Under Budget","On Track")) -> On Track
A10: Customer Support | B10: Support Tools | C10: =SUMIFS('Budget vs Actual Data'!$D:$D,'Budget vs Actual Data'!$B:$B,A10,'Budget vs Actual Data'!$C:$C,B10) -> 58668 | D10: =SUMIFS('Budget vs Actual Data'!$E:$E,'Budget vs Actual Data'!$B:$B,A10,'Budget vs Actual Data'!$C:$C,B10) -> 59291 | E10: =D10-C10 -> 623 | F10: =IF(C10=0,0,E10/C10) -> 0.010619077 | G10: =IF(F10>0.05,"Over Budget",IF(F10<-0.05,"Under Budget","On Track")) -> On Track
A11: Customer Support | B11: Quality Review | C11: =SUMIFS('Budget vs Actual Data'!$D:$D,'Budget vs Actual Data'!$B:$B,A11,'Budget vs Actual Data'!$C:$C,B11) -> 50613 | D11: =SUMIFS('Budget vs Actual Data'!$E:$E,'Budget vs Actual Data'!$B:$B,A11,'Budget vs Actual Data'!$C:$C,B11) -> 50908 | E11: =D11-C11 -> 295 | F11: =IF(C11=0,0,E11/C11) -> 0.0058285421 | G11: =IF(F11>0.05,"Over Budget",IF(F11<-0.05,"Under Budget","On Track")) -> On Track
A12: Facilities | B12: Room Setup | C12: =SUMIFS('Budget vs Actual Data'!$D:$D,'Budget vs Actual Data'!$B:$B,A12,'Budget vs Actual Data'!$C:$C,B12) -> 36805 | D12: =SUMIFS('Budget vs Actual Data'!$E:$E,'Budget vs Actual Data'!$B:$B,A12,'Budget vs Actual Data'!$C:$C,B12) -> 37418 | E12: =D12-C12 -> 613 | F12: =IF(C12=0,0,E12/C12) -> 0.016655346 | G12: =IF(F12>0.05,"Over Budget",IF(F12<-0.05,"Under Budget","On Track")) -> On Track
A13: Facilities | B13: Maintenance | C13: =SUMIFS('Budget vs Actual Data'!$D:$D,'Budget vs Actual Data'!$B:$B,A13,'Budget vs Actual Data'!$C:$C,B13) -> 42611 | D13: =SUMIFS('Budget vs Actual Data'!$E:$E,'Budget vs Actual Data'!$B:$B,A13,'Budget vs Actual Data'!$C:$C,B13) -> 43179 | E13: =D13-C13 -> 568 | F13: =IF(C13=0,0,E13/C13) -> 0.013329891 | G13: =IF(F13>0.05,"Over Budget",IF(F13<-0.05,"Under Budget","On Track")) -> On Track
